validation_id,model_id,runtime_secs,MeanSquaredError_fold_0_test,MeanSquaredError_fold_1_test,MeanSquaredError_fold_2_test,MeanSquaredError_fold_3_test,MeanSquaredError_fold_4_test,MeanSquaredError_fold_5_test,MeanSquaredError_fold_6_test,MeanSquaredError_fold_7_test,MeanSquaredError_mean,MeanSquaredError_std
[dataset=load_diabetes]_[cv_splitter=ExpandingWindowSplitter],ARDL-auto_ardl_True-maxlag_16-maxorder_16,19.209800720214844,2.4265138081392097,4.326139097810201,5.239396010873749,5.511415939680207,4.479344614950217,3.538708704377831,3.3869283390258262,1.8561297594196833,3.845572034284616,1.2887712607674215
[dataset=load_diabetes]_[cv_splitter=ExpandingWindowSplitter],ARDL-auto_ardl_True-maxlag_2-maxorder_2,0.17676973342895508,2.430290783196758,4.326369478143794,5.4262755403568566,5.65482572478335,4.591298189871637,3.2135761446431697,3.1947756353932943,1.9613044546451284,3.8498394938792484,1.3593901243280389
[dataset=load_diabetes]_[cv_splitter=ExpandingWindowSplitter],ARDL-auto_ardl_True-maxlag_4-maxorder_4,0.27004122734069824,2.442686931507357,4.326139097810201,5.2528736817679516,5.511415939680207,4.479344614950217,3.538708704377831,3.3869283390258262,1.8561297594196833,3.849278383567409,1.2883279669821364
[dataset=load_diabetes]_[cv_splitter=ExpandingWindowSplitter],ARDL-auto_ardl_True-maxlag_8-maxorder_8,2.0322625637054443,2.442686931507357,4.326139097810201,5.239396010873749,5.511415939680207,4.479344614950217,3.538708704377831,3.3869283390258262,1.8561297594196833,3.8475936747056343,1.2862374366580012
