validation_id,model_id,runtime_secs,MeanSquaredError_fold_0_test,MeanSquaredError_fold_1_test,MeanSquaredError_fold_2_test,MeanSquaredError_fold_3_test,MeanSquaredError_fold_4_test,MeanSquaredError_fold_5_test,MeanSquaredError_fold_6_test,MeanSquaredError_fold_7_test,MeanSquaredError_fold_8_test,MeanSquaredError_fold_9_test,MeanSquaredError_fold_10_test,MeanSquaredError_mean,MeanSquaredError_std
[dataset=load_diabetes]_[cv_splitter=ExpandingWindowSplitter],AutoETS-auto_True,0.8298728466033936,4.86786429778879,4.121367559464339,7.283924441093559,2.250780123113536,3.8731720112674517,8.166145347139139,9.179454461373792,9.568187404973191,4.009261667723233,7.032111705660466,5.964189008415886,6.028768911637579,2.3998551975631917
[dataset=load_diabetes]_[cv_splitter=ExpandingWindowSplitter],StatsForecastAutoCES-model_Z,8.973236560821533,7.9485804442291785,6.350240986003323,4.05707057153474,4.054926373549107,7.015714725571766,4.457930323464362,9.919647394550362,4.113701970783808,6.981630966511647,2.4051217690102304,7.360517828725145,5.878643941266697,2.222275619839225
[dataset=load_diabetes]_[cv_splitter=ExpandingWindowSplitter],StatsForecastAutoETS-model_ANN,0.17364931106567383,6.282028467721219,3.8189426022389674,4.764085293368403,2.655984597496299,3.97180719316886,6.744978000667552,8.291317253170599,8.60657968836086,5.655290978889439,3.075411020125126,5.600686752733948,5.4061010770855695,1.9801779504794768
[dataset=load_diabetes]_[cv_splitter=ExpandingWindowSplitter],StatsForecastAutoETS-model_MNN,0.16380691528320312,6.282028467721219,3.8189426022389674,4.764085293368403,2.655984597496299,3.97180719316886,6.744978000667553,8.291317253170599,8.60657968836086,5.655290978889439,3.075411020125126,5.600686752733949,5.40610107708557,1.9801779504794768
