{
  "final_train_loss": 0.8262027279419057,
  "final_eval_loss": 0.8191342353820801,
  "best_eval_loss": 0.8191342353820801,
  "best_checkpoint": "checkpoint-340",
  "training_samples_per_second": 6027.34
}
