{
  "final_train_loss": 0.8247124775132136,
  "final_eval_loss": 0.8216519355773926,
  "best_eval_loss": 0.8216519355773926,
  "best_checkpoint": "checkpoint-2680",
  "training_samples_per_second": 5683.195
}