{
  "final_train_loss": 0.8384260238106571,
  "final_eval_loss": 0.8272445797920227,
  "best_eval_loss": 0.8272445797920227,
  "best_checkpoint": "checkpoint-2680",
  "training_samples_per_second": 5633.048
}