{
  "best_metric": null,
  "best_model_checkpoint": null,
  "epoch": 1.0615711252653928,
  "eval_steps": 500,
  "global_step": 2000,
  "is_hyper_param_search": false,
  "is_local_process_zero": true,
  "is_world_process_zero": true,
  "log_history": [
    {
      "epoch": 0.2653927813163482,
      "grad_norm": 2.38153076171875,
      "learning_rate": 4.557678697806086e-05,
      "loss": 5.8481,
      "step": 500
    },
    {
      "epoch": 0.5307855626326964,
      "grad_norm": 7.601656436920166,
      "learning_rate": 4.115357395612173e-05,
      "loss": 5.8682,
      "step": 1000
    },
    {
      "epoch": 0.7961783439490446,
      "grad_norm": 3.3065850734710693,
      "learning_rate": 3.673036093418259e-05,
      "loss": 5.4788,
      "step": 1500
    },
    {
      "epoch": 1.0615711252653928,
      "grad_norm": 2.725282669067383,
      "learning_rate": 3.2307147912243455e-05,
      "loss": 5.6813,
      "step": 2000
    }
  ],
  "logging_steps": 500,
  "max_steps": 5652,
  "num_input_tokens_seen": 0,
  "num_train_epochs": 3,
  "save_steps": 500,
  "stateful_callbacks": {
    "TrainerControl": {
      "args": {
        "should_epoch_stop": false,
        "should_evaluate": false,
        "should_log": false,
        "should_save": true,
        "should_training_stop": false
      },
      "attributes": {}
    }
  },
  "total_flos": 5322736748160.0,
  "train_batch_size": 8,
  "trial_name": null,
  "trial_params": null
}
