{
  "mae": 0.8883154361111112,
  "mse": 1.8148270954704584,
  "rmse": 1.3471551861127427,
  "count": 72
}