{
  "model": "ttm",
  "mode": "zero-shot",
  "checkpoint": null,
  "dataset": "lynch_2022",
  "timestamp": "2026-02-16T02:26:40.725290",
  "config": {
    "config_file": null,
    "context_length": 512,
    "forecast_length": 96
  },
  "overall": {
    "rmse": 3.735797711747136,
    "mae": 2.9737942180037495,
    "mape": 37.434839314182746,
    "mse": 13.956184543095139
  },
  "per_patient": [
    {
      "patient": "lyn_261",
      "episodes": 8,
      "mse": 9.212796642306527,
      "rmse": 3.0352589086116732,
      "mae": 2.5210060348113377,
      "mape": 32.39592646941603
    },
    {
      "patient": "lyn_47",
      "episodes": 1,
      "mse": 17.76031992004464,
      "rmse": 4.214299457803709,
      "mae": 3.304956990679105,
      "mape": 30.1208736073054
    },
    {
      "patient": "lyn_280",
      "episodes": 1,
      "mse": 48.09915237245455,
      "rmse": 6.93535524486342,
      "mae": 6.26493691086769,
      "mape": 85.0601077791938
    }
  ]
}
