{
  "final_train_loss": 0.8145858426147432,
  "final_eval_loss": 0.8201000094413757,
  "best_eval_loss": 0.8201000094413757,
  "best_checkpoint": "checkpoint-1340",
  "training_samples_per_second": 5915.328
}
