validation_id,model_id,runtime_secs,PinballLoss_mean,PinballLoss_std,MeanSquaredError_mean,MeanSquaredError_std
p01,AutoARIMA-start_p_2-max_p_72-start_q_2-max_q_72-seasonal_False-n_jobs_-1,84.94365406036377,0.42816707346808,0.1922218831169101,3.631366995680221,1.8839553333847507
p01,NaiveForecaster-strategy_last,2.371122360229492,0.5823040519081415,0.5855088041168869,4.195511659952588,2.402058166584524
p01,NaiveForecaster-strategy_mean,1.4846360683441162,0.4170279193855229,0.2072824859059072,3.824404994667644,1.6614996046162056
p05,AutoARIMA-start_p_2-max_p_72-start_q_2-max_q_72-seasonal_False-n_jobs_-1,47.00608158111572,0.2327853476041765,0.0254422218602589,2.600265758408808,0.933651036634152
p05,NaiveForecaster-strategy_last,2.3273489475250244,0.2701829982778752,0.1400179562088882,2.3127742849776185,1.4085400002256612
p05,NaiveForecaster-strategy_mean,1.4570934772491455,0.260237468293833,0.0438033910747255,2.896618630878309,1.115504821728318
p06,AutoARIMA-start_p_2-max_p_72-start_q_2-max_q_72-seasonal_False-n_jobs_-1,59.86711645126343,0.3891013243343565,0.4186316113993919,2.728341821765367,1.9982005236821376
p06,NaiveForecaster-strategy_last,0.1841146945953369,0.4149706844973065,0.325125171731513,3.2812412454363,1.9534586602822333
p06,NaiveForecaster-strategy_mean,0.1193482875823974,0.3979193472075735,0.3803360676217754,3.3502710613808717,1.7404129477098529
