{
  "final_train_loss": 0.8255951711317387,
  "final_eval_loss": 0.8196268081665039,
  "best_eval_loss": 0.8196268081665039,
  "best_checkpoint": "checkpoint-10660",
  "training_samples_per_second": 2728.473
}
