{
  "final_train_loss": 0.8211682507796074,
  "final_eval_loss": 0.8202606439590454,
  "best_eval_loss": 0.8202606439590454,
  "best_checkpoint": "checkpoint-1340",
  "training_samples_per_second": 5919.337
}
